,Pokemon Name,Type,Weight,Height,HP,Attack,Defense,Sp. Attack,Sp. Defense,Speed
1,Bulbasaur,"['Grass', 'Poison']",6.9,0.7,45,49,49,65,65,45
2,Ivysaur,"['Grass', 'Poison']",13.0,1.0,60,62,63,80,80,60
3,Venusaur,"['Grass', 'Poison']",100.0,2.0,80,82,83,100,100,80
4,Charmander,['Fire'],8.5,0.6,39,52,43,60,50,65
5,Charmeleon,['Fire'],19.0,1.1,58,64,58,80,65,80
6,Charizard,"['Fire', 'Flying']",90.5,1.7,78,84,78,109,85,100
7,Squirtle,['Water'],9.0,0.5,44,48,65,50,64,43
8,Wartortle,['Water'],22.5,1.0,59,63,80,65,80,58
9,Blastoise,['Water'],85.5,1.6,79,83,100,85,105,78
10,Caterpie,['Bug'],2.9,0.3,45,30,35,20,20,45
11,Metapod,['Bug'],9.9,0.7,50,20,55,25,25,30
12,Butterfree,"['Bug', 'Flying']",32.0,1.1,60,45,50,80,80,70
13,Weedle,"['Bug', 'Poison']",3.2,0.3,40,35,30,20,20,50
14,Kakuna,"['Bug', 'Poison']",10.0,0.6,45,25,50,25,25,35
15,Beedrill,"['Bug', 'Poison']",29.5,1.0,65,80,40,45,80,75
16,Pidgey,"['Normal', 'Flying']",1.8,0.3,40,45,40,35,35,56
17,Pidgeotto,"['Normal', 'Flying']",30.0,1.1,63,60,55,50,50,71
18,Pidgeot,"['Normal', 'Flying']",39.5,1.5,83,80,75,70,70,91
19,Rattata,['Normal'],3.5,0.3,30,56,35,25,35,72
20,Raticate,['Normal'],18.5,0.7,55,81,60,50,70,97
21,Spearow,"['Normal', 'Flying']",2.0,0.3,40,60,30,31,31,70
22,Fearow,"['Normal', 'Flying']",38.0,1.2,65,90,65,61,61,100
23,Ekans,['Poison'],6.9,2.0,35,60,44,40,54,55
24,Arbok,['Poison'],65.0,3.5,60,85,69,65,79,80
25,Pikachu,['Electric'],6.0,0.4,35,55,30,50,40,90
26,Raichu,['Electric'],30.0,0.8,60,90,55,90,80,100
27,Sandshrew,['Ground'],12.0,0.6,50,75,85,20,30,40
28,Sandslash,['Ground'],29.5,1.0,75,100,110,45,55,65
29,Nidoran♀,['Poison'],7.0,0.4,55,47,52,40,40,41
30,Nidorina,['Poison'],20.0,0.8,70,62,67,55,55,56
31,Nidoqueen,"['Poison', 'Ground']",60.0,1.3,90,82,87,75,85,76
32,Nidoran♂,['Poison'],9.0,0.5,46,57,40,40,40,50
33,Nidorino,['Poison'],19.5,0.9,61,72,57,55,55,65
34,Nidoking,"['Poison', 'Ground']",62.0,1.4,81,92,77,85,75,85
35,Clefairy,['Fairy'],7.5,0.6,70,45,48,60,65,35
36,Clefable,['Fairy'],40.0,1.3,95,70,73,85,90,60
37,Vulpix,['Fire'],9.9,0.6,38,41,40,50,65,65
38,Ninetales,['Fire'],19.9,1.1,73,76,75,81,100,100
39,Jigglypuff,"['Normal', 'Fairy']",5.5,0.5,115,45,20,45,25,20
40,Wigglytuff,"['Normal', 'Fairy']",12.0,1.0,140,70,45,75,50,45
41,Zubat,"['Poison', 'Flying']",7.5,0.8,40,45,35,30,40,55
42,Golbat,"['Poison', 'Flying']",55.0,1.6,75,80,70,65,75,90
43,Oddish,"['Grass', 'Poison']",5.4,0.5,45,50,55,75,65,30
44,Gloom,"['Grass', 'Poison']",8.6,0.8,60,65,70,85,75,40
45,Vileplume,"['Grass', 'Poison']",18.6,1.2,75,80,85,100,90,50
46,Paras,"['Bug', 'Grass']",5.4,0.3,35,70,55,45,55,25
47,Parasect,"['Bug', 'Grass']",29.5,1.0,60,95,80,60,80,30
48,Venonat,"['Bug', 'Poison']",30.0,1.0,60,55,50,40,55,45
49,Venomoth,"['Bug', 'Poison']",12.5,1.5,70,65,60,90,75,90
50,Diglett,['Ground'],0.8,0.2,10,55,25,35,45,95
51,Dugtrio,['Ground'],33.3,0.7,35,80,50,50,70,120
52,Meowth,['Normal'],4.2,0.4,40,45,35,40,40,90
53,Persian,['Normal'],32.0,1.0,65,70,60,65,65,115
54,Psyduck,['Water'],19.6,0.8,50,52,48,65,50,55
55,Golduck,['Water'],76.6,1.7,80,82,78,95,80,85
56,Mankey,['Fighting'],28.0,0.5,40,80,35,35,45,70
57,Primeape,['Fighting'],32.0,1.0,65,105,60,60,70,95
58,Growlithe,['Fire'],19.0,0.7,55,70,45,70,50,60
59,Arcanine,['Fire'],155.0,1.9,90,110,80,100,80,95
60,Poliwag,['Water'],12.4,0.6,40,50,40,40,40,90
61,Poliwhirl,['Water'],20.0,1.0,65,65,65,50,50,90
62,Poliwrath,"['Water', 'Fighting']",54.0,1.3,90,85,95,70,90,70
63,Abra,['Psychic'],19.5,0.9,25,20,15,105,55,90
64,Kadabra,['Psychic'],56.5,1.3,40,35,30,120,70,105
65,Alakazam,['Psychic'],48.0,1.5,55,50,45,135,85,120
66,Machop,['Fighting'],19.5,0.8,70,80,50,35,35,35
67,Machoke,['Fighting'],70.5,1.5,80,100,70,50,60,45
68,Machamp,['Fighting'],130.0,1.6,90,130,80,65,85,55
69,Bellsprout,"['Grass', 'Poison']",4.0,0.7,50,75,35,70,30,40
70,Weepinbell,"['Grass', 'Poison']",6.4,1.0,65,90,50,85,45,55
71,Victreebel,"['Grass', 'Poison']",15.5,1.7,80,105,65,100,60,70
72,Tentacool,"['Water', 'Poison']",45.5,0.9,40,40,35,50,100,70
73,Tentacruel,"['Water', 'Poison']",55.0,1.6,80,70,65,80,120,100
74,Geodude,"['Rock', 'Ground']",20.0,0.4,40,80,100,30,30,20
75,Graveler,"['Rock', 'Ground']",105.0,1.0,55,95,115,45,45,35
76,Golem,"['Rock', 'Ground']",300.0,1.4,80,110,130,55,65,45
77,Ponyta,['Fire'],30.0,1.0,50,85,55,65,65,90
78,Rapidash,['Fire'],95.0,1.7,65,100,70,80,80,105
79,Slowpoke,"['Water', 'Psychic']",36.0,1.2,90,65,65,40,40,15
80,Slowbro,"['Water', 'Psychic']",78.5,1.6,95,75,110,100,80,30
81,Magnemite,"['Electric', 'Steel']",['6.0'],['0.3'],25,35,70,95,55,45
82,Magneton,"['Electric', 'Steel']",['60.0'],['1.0'],50,60,95,120,70,70
83,Farfetch'd,"['Normal', 'Flying']",15.0,0.8,52,65,55,58,62,60
84,Doduo,"['Normal', 'Flying']",39.2,1.4,35,85,45,35,35,75
85,Dodrio,"['Normal', 'Flying']",85.2,1.8,60,110,70,60,60,100
86,Seel,['Water'],90.0,1.1,65,45,55,45,70,45
87,Dewgong,"['Water', 'Ice']",120.0,1.7,90,70,80,70,95,70
88,Grimer,['Poison'],30.0,0.9,80,80,50,40,50,25
89,Muk,['Poison'],30.0,1.2,105,105,75,65,100,50
90,Shellder,['Water'],4.0,0.3,30,65,100,45,25,40
91,Cloyster,"['Water', 'Ice']",132.5,1.5,50,95,180,85,45,70
92,Gastly,"['Ghost', 'Poison']",0.1,1.3,30,35,30,100,35,80
93,Haunter,"['Ghost', 'Poison']",0.1,1.6,45,50,45,115,55,95
94,Gengar,"['Ghost', 'Poison']",40.5,1.5,60,65,60,130,75,110
95,Onix,"['Rock', 'Ground']",210.0,8.8,35,45,160,30,45,70
96,Drowzee,['Psychic'],32.4,1.0,60,48,45,43,90,42
97,Hypno,['Psychic'],75.6,1.6,85,73,70,73,115,67
98,Krabby,['Water'],6.5,0.4,30,105,90,25,25,50
99,Kingler,['Water'],60.0,1.3,55,130,115,50,50,75
100,Voltorb,['Electric'],['10.4'],['0.5'],40,30,50,55,55,100
101,Electrode,['Electric'],['66.6'],['1.2'],60,50,70,80,80,140
102,Exeggcute,"['Grass', 'Psychic']",2.5,0.4,60,40,80,60,45,40
103,Exeggutor,"['Grass', 'Psychic']",120.0,2.0,95,95,85,125,65,55
104,Cubone,['Ground'],6.5,0.4,50,50,95,40,50,35
105,Marowak,['Ground'],45.0,1.0,60,80,110,50,80,45
106,Hitmonlee,['Fighting'],49.8,1.5,50,120,53,35,110,87
107,Hitmonchan,['Fighting'],50.2,1.4,50,105,79,35,110,76
108,Lickitung,['Normal'],65.5,1.2,90,55,75,60,75,30
109,Koffing,['Poison'],1.0,0.6,40,65,95,60,45,35
110,Weezing,['Poison'],9.5,1.2,65,90,120,85,70,60
111,Rhyhorn,"['Ground', 'Rock']",115.0,1.0,80,85,95,30,30,25
112,Rhydon,"['Ground', 'Rock']",120.0,1.9,105,130,120,45,45,40
113,Chansey,['Normal'],34.6,1.1,250,5,5,35,105,50
114,Tangela,['Grass'],35.0,1.0,65,55,115,100,40,60
115,Kangaskhan,['Normal'],80.0,2.2,105,95,80,40,80,90
116,Horsea,['Water'],8.0,0.4,30,40,70,70,25,60
117,Seadra,['Water'],25.0,1.2,55,65,95,95,45,85
118,Goldeen,['Water'],15.0,0.6,45,67,60,35,50,63
119,Seaking,['Water'],39.0,1.3,80,92,65,65,80,68
120,Staryu,['Water'],['34.5'],['0.8'],30,45,55,70,55,85
121,Starmie,"['Water', 'Psychic']",['80.0'],['1.1'],60,75,85,100,85,115
122,Mr. Mime,"['Psychic', 'Fairy']",54.5,1.3,40,45,65,100,120,90
123,Scyther,"['Bug', 'Flying']",56.0,1.5,70,110,80,55,80,105
124,Jynx,"['Ice', 'Psychic']",40.6,1.4,65,50,35,115,95,95
125,Electabuzz,['Electric'],30.0,1.1,65,83,57,95,85,105
126,Magmar,['Fire'],44.5,1.3,65,95,57,100,85,93
127,Pinsir,['Bug'],55.0,1.5,65,125,100,55,70,85
128,Tauros,['Normal'],88.4,1.4,75,100,95,40,70,110
129,Magikarp,['Water'],10.0,0.9,20,10,55,15,20,80
130,Gyarados,"['Water', 'Flying']",235.0,6.5,95,125,79,60,100,81
131,Lapras,"['Water', 'Ice']",220.0,2.5,130,85,80,85,95,60
132,Ditto,['Normal'],['4.0'],['0.3'],48,48,48,48,48,48
133,Eevee,['Normal'],6.5,0.3,55,55,50,45,65,55
134,Vaporeon,['Water'],29.0,1.0,130,65,60,110,95,65
135,Jolteon,['Electric'],24.5,0.8,65,65,60,110,95,130
136,Flareon,['Fire'],25.0,0.9,65,130,60,95,110,65
137,Porygon,['Normal'],['36.5'],['0.8'],65,60,70,85,75,40
138,Omanyte,"['Rock', 'Water']",7.5,0.4,35,40,100,90,55,35
139,Omastar,"['Rock', 'Water']",35.0,1.0,70,60,125,115,70,55
140,Kabuto,"['Rock', 'Water']",11.5,0.5,30,80,90,55,45,55
141,Kabutops,"['Rock', 'Water']",40.5,1.3,60,115,105,65,70,80
142,Aerodactyl,"['Rock', 'Flying']",59.0,1.8,80,105,65,60,75,130
143,Snorlax,['Normal'],460.0,2.1,160,110,65,65,110,30
144,Articuno,"['Ice', 'Flying']","['55.4', '50.9']",['1.7'],90,85,100,95,125,85
145,Zapdos,"['Electric', 'Flying']","['52.6', '58.2']",['1.6'],90,90,85,125,90,100
146,Moltres,"['Fire', 'Flying']","['60.0', '66.0']",['2.0'],90,100,90,125,85,90
147,Dratini,['Dragon'],3.3,1.8,41,64,45,50,50,50
148,Dragonair,['Dragon'],16.5,4.0,61,84,65,70,70,70
149,Dragonite,"['Dragon', 'Flying']",210.0,2.2,91,134,95,100,100,80
150,Mewtwo,['Psychic'],"['122.0', '127.0', '33.0']","['2.0', '2.3', '1.5']",106,110,90,154,90,130
151,Mew,['Psychic'],['4.0'],['0.4'],100,100,100,100,100,100
152,Chikorita,['Grass'],6.4,0.9,45,49,65,49,65,45
153,Bayleef,['Grass'],15.8,1.2,60,62,80,63,80,60
154,Meganium,['Grass'],100.5,1.8,80,82,100,83,100,80
155,Cyndaquil,['Fire'],7.9,0.5,39,52,43,60,50,65
156,Quilava,['Fire'],19.0,0.9,58,64,58,80,65,80
157,Typhlosion,['Fire'],79.5,1.7,78,84,78,109,85,100
158,Totodile,['Water'],9.5,0.6,50,65,64,44,48,43
159,Croconaw,['Water'],25.0,1.1,65,80,80,59,63,58
160,Feraligatr,['Water'],88.8,2.3,85,105,100,79,83,78
161,Sentret,['Normal'],6.0,0.8,35,46,34,35,45,20
162,Furret,['Normal'],32.5,1.8,85,76,64,45,55,90
163,Hoothoot,"['Normal', 'Flying']",21.2,0.7,60,30,30,36,56,50
164,Noctowl,"['Normal', 'Flying']",40.8,1.6,100,50,50,76,96,70
165,Ledyba,"['Bug', 'Flying']",10.8,1.0,40,20,30,40,80,55
166,Ledian,"['Bug', 'Flying']",35.6,1.4,55,35,50,55,110,85
167,Spinarak,"['Bug', 'Poison']",8.5,0.5,40,60,40,40,40,30
168,Ariados,"['Bug', 'Poison']",33.5,1.1,70,90,70,60,60,40
169,Crobat,"['Poison', 'Flying']",75.0,1.8,85,90,80,70,80,130
170,Chinchou,"['Water', 'Electric']",12.0,0.5,75,38,38,56,56,67
171,Lanturn,"['Water', 'Electric']",22.5,1.2,125,58,58,76,76,67
172,Pichu,['Electric'],2.0,0.3,20,40,15,35,35,60
173,Cleffa,['Fairy'],3.0,0.3,50,25,28,45,55,15
174,Igglybuff,"['Normal', 'Fairy']",1.0,0.3,90,30,15,40,20,15
175,Togepi,['Fairy'],1.5,0.3,35,20,65,40,65,20
176,Togetic,"['Fairy', 'Flying']",3.2,0.6,55,40,85,80,105,40
177,Natu,"['Psychic', 'Flying']",2.0,0.2,40,50,45,70,45,70
178,Xatu,"['Psychic', 'Flying']",15.0,1.5,65,75,70,95,70,95
179,Mareep,['Electric'],7.8,0.6,55,40,40,65,45,35
180,Flaaffy,['Electric'],13.3,0.8,70,55,55,80,60,45
181,Ampharos,['Electric'],61.5,1.4,90,75,75,115,90,55
182,Bellossom,['Grass'],5.8,0.4,75,80,85,90,100,50
183,Marill,"['Water', 'Fairy']",8.5,0.4,70,20,50,20,50,40
184,Azumarill,"['Water', 'Fairy']",28.5,0.8,100,50,80,50,80,50
185,Sudowoodo,['Rock'],38.0,1.2,70,100,115,30,65,30
186,Politoed,['Water'],33.9,1.1,90,75,75,90,100,70
187,Hoppip,"['Grass', 'Flying']",0.5,0.4,35,35,40,35,55,50
188,Skiploom,"['Grass', 'Flying']",1.0,0.6,55,45,50,45,65,80
189,Jumpluff,"['Grass', 'Flying']",3.0,0.8,75,55,70,55,85,110
190,Aipom,['Normal'],11.5,0.8,55,70,55,40,55,85
191,Sunkern,['Grass'],1.8,0.3,30,30,30,30,30,30
192,Sunflora,['Grass'],8.5,0.8,75,75,55,105,85,30
193,Yanma,"['Bug', 'Flying']",38.0,1.2,65,65,45,75,45,95
194,Wooper,"['Water', 'Ground']",8.5,0.4,55,45,45,25,25,15
195,Quagsire,"['Water', 'Ground']",75.0,1.4,95,85,85,65,65,35
196,Espeon,['Psychic'],26.5,0.9,65,65,60,130,95,110
197,Umbreon,['Dark'],27.0,1.0,95,65,110,60,130,65
198,Murkrow,"['Dark', 'Flying']",2.1,0.5,60,85,42,85,42,91
199,Slowking,"['Water', 'Psychic']",79.5,2.0,95,75,80,100,110,30
200,Misdreavus,['Ghost'],1.0,0.7,60,60,60,85,85,85
201,Unown,['Psychic'],['5.0'],['0.5'],48,72,48,72,48,48
202,Wobbuffet,['Psychic'],28.5,1.3,190,33,58,33,58,33
203,Girafarig,"['Normal', 'Psychic']",41.5,1.5,70,80,65,90,65,85
204,Pineco,['Bug'],7.2,0.6,50,65,90,35,35,15
205,Forretress,"['Bug', 'Steel']",125.8,1.2,75,90,140,60,60,40
206,Dunsparce,['Normal'],14.0,1.5,100,70,70,65,65,45
207,Gligar,"['Ground', 'Flying']",64.8,1.1,65,75,105,35,65,85
208,Steelix,"['Steel', 'Ground']",400.0,9.2,75,85,200,55,65,30
209,Snubbull,['Fairy'],7.8,0.6,60,80,50,40,40,30
210,Granbull,['Fairy'],48.7,1.4,90,120,75,60,60,45
211,Qwilfish,"['Water', 'Poison']",3.9,0.5,65,95,75,55,55,85
212,Scizor,"['Bug', 'Steel']",118.0,1.8,70,130,100,55,80,65
213,Shuckle,"['Bug', 'Rock']",20.5,0.6,20,10,230,10,230,5
214,Heracross,"['Bug', 'Fighting']",54.0,1.5,80,125,75,40,95,85
215,Sneasel,"['Dark', 'Ice']",28.0,0.9,55,95,55,35,75,115
216,Teddiursa,['Normal'],8.8,0.6,60,80,50,50,50,40
217,Ursaring,['Normal'],125.8,1.8,90,130,75,75,75,55
218,Slugma,['Fire'],35.0,0.7,40,40,40,70,40,20
219,Magcargo,"['Fire', 'Rock']",55.0,0.8,50,50,120,80,80,30
220,Swinub,"['Ice', 'Ground']",6.5,0.4,50,50,40,30,30,50
221,Piloswine,"['Ice', 'Ground']",55.8,1.1,100,100,80,60,60,50
222,Corsola,"['Water', 'Rock']",5.0,0.6,55,55,85,65,85,35
223,Remoraid,['Water'],12.0,0.6,35,65,35,65,35,65
224,Octillery,['Water'],28.5,0.9,75,105,75,105,75,45
225,Delibird,"['Ice', 'Flying']",16.0,0.9,45,55,45,65,45,75
226,Mantine,"['Water', 'Flying']",220.0,2.1,65,40,70,80,140,70
227,Skarmory,"['Steel', 'Flying']",50.5,1.7,65,80,140,40,70,70
228,Houndour,"['Dark', 'Fire']",10.8,0.6,45,60,30,80,50,65
229,Houndoom,"['Dark', 'Fire']",35.0,1.4,75,90,50,110,80,95
230,Kingdra,"['Water', 'Dragon']",152.0,1.8,75,95,95,95,95,85
231,Phanpy,['Ground'],33.5,0.5,90,60,60,40,40,40
232,Donphan,['Ground'],120.0,1.1,90,120,120,60,60,50
233,Porygon2,['Normal'],['32.5'],['0.6'],85,80,90,105,95,60
234,Stantler,['Normal'],71.2,1.4,73,95,62,85,65,85
235,Smeargle,['Normal'],58.0,1.2,55,20,35,20,45,75
236,Tyrogue,['Fighting'],21.0,0.7,35,35,35,35,35,35
237,Hitmontop,['Fighting'],48.0,1.4,50,95,95,35,110,70
238,Smoochum,"['Ice', 'Psychic']",6.0,0.4,45,30,15,85,65,65
239,Elekid,['Electric'],23.5,0.6,45,63,37,65,55,95
240,Magby,['Fire'],21.4,0.7,45,75,37,70,55,83
241,Miltank,['Normal'],75.5,1.2,95,80,105,40,70,100
242,Blissey,['Normal'],46.8,1.5,255,10,10,75,135,55
243,Raikou,['Electric'],['178.0'],['1.9'],90,85,75,115,100,115
244,Entei,['Fire'],['198.0'],['2.1'],115,115,85,90,75,100
245,Suicune,['Water'],['187.0'],['2.0'],100,75,115,90,115,85
246,Larvitar,"['Rock', 'Ground']",72.0,0.6,50,64,50,45,50,41
247,Pupitar,"['Rock', 'Ground']",152.0,1.2,70,84,70,65,70,51
248,Tyranitar,"['Rock', 'Dark']",202.0,2.0,100,134,110,95,100,61
249,Lugia,"['Psychic', 'Flying']",['216.0'],['5.2'],106,90,130,90,154,110
250,Ho-Oh,"['Fire', 'Flying']",['199.0'],['3.8'],106,130,90,110,154,90
251,Celebi,"['Psychic', 'Grass']",['5.0'],['0.6'],100,100,100,100,100,100
252,Treecko,['Grass'],5.0,0.5,40,45,35,65,55,70
253,Grovyle,['Grass'],21.6,0.9,50,65,45,85,65,95
254,Sceptile,['Grass'],52.2,1.7,70,85,65,105,85,120
255,Torchic,['Fire'],2.5,0.4,45,60,40,70,50,45
256,Combusken,"['Fire', 'Fighting']",19.5,0.9,60,85,60,85,60,55
257,Blaziken,"['Fire', 'Fighting']",52.0,1.9,80,120,70,110,70,80
258,Mudkip,['Water'],7.6,0.4,50,70,50,50,50,40
259,Marshtomp,"['Water', 'Ground']",28.0,0.7,70,85,70,60,70,50
260,Swampert,"['Water', 'Ground']",81.9,1.5,100,110,90,85,90,60
261,Poochyena,['Dark'],13.6,0.5,35,55,35,30,30,35
262,Mightyena,['Dark'],37.0,1.0,70,90,70,60,60,70
263,Zigzagoon,['Normal'],17.5,0.4,38,30,41,30,41,60
264,Linoone,['Normal'],32.5,0.5,78,70,61,50,61,100
265,Wurmple,['Bug'],3.6,0.3,45,45,35,20,30,20
266,Silcoon,['Bug'],10.0,0.6,50,35,55,25,25,15
267,Beautifly,"['Bug', 'Flying']",28.4,1.0,60,70,50,90,50,65
268,Cascoon,['Bug'],11.5,0.7,50,35,55,25,25,15
269,Dustox,"['Bug', 'Poison']",31.6,1.2,60,50,70,50,90,65
270,Lotad,"['Water', 'Grass']",2.6,0.5,40,30,30,40,50,30
271,Lombre,"['Water', 'Grass']",32.5,1.2,60,50,50,60,70,50
272,Ludicolo,"['Water', 'Grass']",55.0,1.5,80,70,70,90,100,70
273,Seedot,['Grass'],4.0,0.5,40,40,50,30,30,30
274,Nuzleaf,"['Grass', 'Dark']",28.0,1.0,70,70,40,60,40,60
275,Shiftry,"['Grass', 'Dark']",59.6,1.3,90,100,60,90,60,80
276,Taillow,"['Normal', 'Flying']",2.3,0.3,40,55,30,30,30,85
277,Swellow,"['Normal', 'Flying']",19.8,0.7,60,85,60,50,50,125
278,Wingull,"['Water', 'Flying']",9.5,0.6,40,30,30,55,30,85
279,Pelipper,"['Water', 'Flying']",28.0,1.2,60,50,100,85,70,65
280,Ralts,"['Psychic', 'Fairy']",6.6,0.4,28,25,25,45,35,40
281,Kirlia,"['Psychic', 'Fairy']",20.2,0.8,38,35,35,65,55,50
282,Gardevoir,"['Psychic', 'Fairy']",48.4,1.6,68,65,65,125,115,80
283,Surskit,"['Bug', 'Water']",1.7,0.5,40,30,32,50,52,65
284,Masquerain,"['Bug', 'Flying']",3.6,0.8,70,60,62,80,82,60
285,Shroomish,['Grass'],4.5,0.4,60,40,60,40,60,35
286,Breloom,"['Grass', 'Fighting']",39.2,1.2,60,130,80,60,60,70
287,Slakoth,['Normal'],24.0,0.8,60,60,60,35,35,30
288,Vigoroth,['Normal'],46.5,1.4,80,80,80,55,55,90
289,Slaking,['Normal'],130.5,2.0,150,160,100,95,65,100
290,Nincada,"['Bug', 'Ground']",5.5,0.5,31,45,90,30,30,40
291,Ninjask,"['Bug', 'Flying']",12.0,0.8,61,90,45,50,50,160
292,Shedinja,"['Bug', 'Ghost']",['1.2'],['0.8'],1,90,45,30,30,40
293,Whismur,['Normal'],16.3,0.6,64,51,23,51,23,28
294,Loudred,['Normal'],40.5,1.0,84,71,43,71,43,48
295,Exploud,['Normal'],84.0,1.5,104,91,63,91,63,68
296,Makuhita,['Fighting'],86.4,1.0,72,60,30,20,30,25
297,Hariyama,['Fighting'],253.8,2.3,144,120,60,40,60,50
298,Azurill,"['Normal', 'Fairy']",2.0,0.2,50,20,40,20,40,20
299,Nosepass,['Rock'],97.0,1.0,30,45,135,45,90,30
300,Skitty,['Normal'],11.0,0.6,50,45,45,35,35,50
301,Delcatty,['Normal'],32.6,1.1,70,65,65,55,55,70
302,Sableye,"['Dark', 'Ghost']",11.0,0.5,50,75,75,65,65,50
303,Mawile,"['Steel', 'Fairy']",11.5,0.6,50,85,85,55,55,50
304,Aron,"['Steel', 'Rock']",60.0,0.4,50,70,100,40,40,30
305,Lairon,"['Steel', 'Rock']",120.0,0.9,60,90,140,50,50,40
306,Aggron,"['Steel', 'Rock']",360.0,2.1,70,110,180,60,60,50
307,Meditite,"['Fighting', 'Psychic']",11.2,0.6,30,40,55,40,55,60
308,Medicham,"['Fighting', 'Psychic']",31.5,1.3,60,60,75,60,75,80
309,Electrike,['Electric'],15.2,0.6,40,45,40,65,40,65
310,Manectric,['Electric'],40.2,1.5,70,75,60,105,60,105
311,Plusle,['Electric'],4.2,0.4,60,50,40,85,75,95
312,Minun,['Electric'],4.2,0.4,60,40,50,75,85,95
313,Volbeat,['Bug'],17.7,0.7,65,73,55,47,75,85
314,Illumise,['Bug'],17.7,0.6,65,47,55,73,75,85
315,Roselia,"['Grass', 'Poison']",2.0,0.3,50,60,45,100,80,65
316,Gulpin,['Poison'],10.3,0.4,70,43,53,43,53,40
317,Swalot,['Poison'],80.0,1.7,100,73,83,73,83,55
318,Carvanha,"['Water', 'Dark']",20.8,0.8,45,90,20,65,20,65
319,Sharpedo,"['Water', 'Dark']",88.8,1.8,70,120,40,95,40,95
320,Wailmer,['Water'],130.0,2.0,130,70,35,70,35,60
321,Wailord,['Water'],398.0,14.5,170,90,45,90,45,60
322,Numel,"['Fire', 'Ground']",24.0,0.7,60,60,40,65,45,35
323,Camerupt,"['Fire', 'Ground']",220.0,1.9,70,100,70,105,75,40
324,Torkoal,['Fire'],80.4,0.5,70,85,140,85,70,20
325,Spoink,['Psychic'],30.6,0.7,60,25,35,70,80,60
326,Grumpig,['Psychic'],71.5,0.9,80,45,65,90,110,80
327,Spinda,['Normal'],5.0,1.1,60,60,60,60,60,60
328,Trapinch,['Ground'],15.0,0.7,45,100,45,45,45,10
329,Vibrava,"['Ground', 'Dragon']",15.3,1.1,50,70,50,50,50,70
330,Flygon,"['Ground', 'Dragon']",82.0,2.0,80,100,80,80,80,100
331,Cacnea,['Grass'],51.3,0.4,50,85,40,85,40,35
332,Cacturne,"['Grass', 'Dark']",77.4,1.3,70,115,60,115,60,55
333,Swablu,"['Normal', 'Flying']",1.2,0.4,45,40,60,40,75,50
334,Altaria,"['Dragon', 'Flying']",20.6,1.1,75,70,90,70,105,80
335,Zangoose,['Normal'],40.3,1.3,73,115,60,60,60,90
336,Seviper,['Poison'],52.5,2.7,73,100,60,100,60,65
337,Lunatone,"['Rock', 'Psychic']",['168.0'],['1.0'],70,55,65,95,85,70
338,Solrock,"['Rock', 'Psychic']",['154.0'],['1.2'],70,95,85,55,65,70
339,Barboach,"['Water', 'Ground']",1.9,0.4,50,48,43,46,41,60
340,Whiscash,"['Water', 'Ground']",23.6,0.9,110,78,73,76,71,60
341,Corphish,['Water'],11.5,0.6,43,80,65,50,35,35
342,Crawdaunt,"['Water', 'Dark']",32.8,1.1,63,120,85,90,55,55
343,Baltoy,"['Ground', 'Psychic']",['21.5'],['0.5'],40,40,55,40,70,55
344,Claydol,"['Ground', 'Psychic']",['108.0'],['1.5'],60,70,105,70,120,75
345,Lileep,"['Rock', 'Grass']",23.8,1.0,66,41,77,61,87,23
346,Cradily,"['Rock', 'Grass']",60.4,1.5,86,81,97,81,107,43
347,Anorith,"['Rock', 'Bug']",12.5,0.7,45,95,50,40,50,75
348,Armaldo,"['Rock', 'Bug']",68.2,1.5,75,125,100,70,80,45
349,Feebas,['Water'],7.4,0.6,20,15,20,10,55,80
350,Milotic,['Water'],162.0,6.2,95,60,79,100,125,81
351,Castform,['Normal'],0.8,0.3,70,70,70,70,70,70
352,Kecleon,['Normal'],22.0,1.0,60,90,70,60,120,40
353,Shuppet,['Ghost'],2.3,0.6,44,75,35,63,33,45
354,Banette,['Ghost'],12.5,1.1,64,115,65,83,63,65
355,Duskull,['Ghost'],15.0,0.8,20,40,90,30,90,25
356,Dusclops,['Ghost'],30.6,1.6,40,70,130,60,130,25
357,Tropius,"['Grass', 'Flying']",100.0,2.0,99,68,83,72,87,51
358,Chimecho,['Psychic'],1.0,0.6,65,50,70,95,80,65
359,Absol,['Dark'],47.0,1.2,65,130,60,75,60,75
360,Wynaut,['Psychic'],14.0,0.6,95,23,48,23,48,23
361,Snorunt,['Ice'],16.8,0.7,50,50,50,50,50,50
362,Glalie,['Ice'],256.5,1.5,80,80,80,80,80,80
363,Spheal,"['Ice', 'Water']",39.5,0.8,70,40,50,55,50,25
364,Sealeo,"['Ice', 'Water']",87.6,1.1,90,60,70,75,70,45
365,Walrein,"['Ice', 'Water']",150.6,1.4,110,80,90,95,90,65
366,Clamperl,['Water'],52.5,0.4,35,64,85,74,55,32
367,Huntail,['Water'],27.0,1.7,55,104,105,94,75,52
368,Gorebyss,['Water'],22.6,1.8,55,84,105,114,75,52
369,Relicanth,"['Water', 'Rock']",23.4,1.0,100,90,130,45,65,55
370,Luvdisc,['Water'],8.7,0.6,43,30,55,40,65,97
371,Bagon,['Dragon'],42.1,0.6,45,75,60,40,30,50
372,Shelgon,['Dragon'],110.5,1.1,65,95,100,60,50,50
373,Salamence,"['Dragon', 'Flying']",102.6,1.5,95,135,80,110,80,100
374,Beldum,"['Steel', 'Psychic']",['95.2'],['0.6'],40,55,80,35,60,30
375,Metang,"['Steel', 'Psychic']",['202.5'],['1.2'],60,75,100,55,80,50
376,Metagross,"['Steel', 'Psychic']","['550.0', '942.9']","['1.6', '2.5']",80,135,130,95,90,70
377,Regirock,['Rock'],['230.0'],['1.7'],80,100,200,50,100,50
378,Regice,['Ice'],['175.0'],['1.8'],80,50,100,100,200,50
379,Registeel,['Steel'],['205.0'],['1.9'],80,75,150,75,150,50
380,Latias,"['Dragon', 'Psychic']",40.0,1.4,80,80,90,110,130,110
381,Latios,"['Dragon', 'Psychic']",60.0,2.0,80,90,80,130,110,110
382,Kyogre,['Water'],"['352.0', '430.0']","['4.5', '9.8']",100,100,90,150,140,90
383,Groudon,['Ground'],"['950.0', '999.7']","['3.5', '5.0']",100,150,140,100,90,90
384,Rayquaza,"['Dragon', 'Flying']","['206.5', '392.0']","['7.0', '10.8']",105,150,90,150,90,95
385,Jirachi,"['Steel', 'Psychic']",['1.1'],['0.3'],100,100,100,100,100,100
386,Deoxys,['Psychic'],['60.8'],['1.7'],50,150,50,150,50,150
387,Turtwig,['Grass'],10.2,0.4,55,68,64,45,55,31
388,Grotle,['Grass'],97.0,1.1,75,89,85,55,65,36
389,Torterra,"['Grass', 'Ground']",310.0,2.2,95,109,105,75,85,56
390,Chimchar,['Fire'],6.2,0.5,44,58,44,58,44,61
391,Monferno,"['Fire', 'Fighting']",22.0,0.9,64,78,52,78,52,81
392,Infernape,"['Fire', 'Fighting']",55.0,1.2,76,104,71,104,71,108
393,Piplup,['Water'],5.2,0.4,53,51,53,61,56,40
394,Prinplup,['Water'],23.0,0.8,64,66,68,81,76,50
395,Empoleon,"['Water', 'Steel']",84.5,1.7,84,86,88,111,101,60
396,Starly,"['Normal', 'Flying']",2.0,0.3,40,55,30,30,30,60
397,Staravia,"['Normal', 'Flying']",15.5,0.6,55,75,50,40,40,80
398,Staraptor,"['Normal', 'Flying']",24.9,1.2,85,120,70,50,50,100
399,Bidoof,['Normal'],20.0,0.5,59,45,40,35,40,31
400,Bibarel,"['Normal', 'Water']",31.5,1.0,79,85,60,55,60,71
401,Kricketot,['Bug'],2.2,0.3,37,25,41,25,41,25
402,Kricketune,['Bug'],25.5,1.0,77,85,51,55,51,65
403,Shinx,['Electric'],9.5,0.5,45,65,34,40,34,45
404,Luxio,['Electric'],30.5,0.9,60,85,49,60,49,60
405,Luxray,['Electric'],42.0,1.4,80,120,79,95,79,70
406,Budew,"['Grass', 'Poison']",1.2,0.2,40,30,35,50,70,55
407,Roserade,"['Grass', 'Poison']",14.5,0.9,60,70,55,125,105,90
408,Cranidos,['Rock'],31.5,0.9,67,125,40,30,30,58
409,Rampardos,['Rock'],102.5,1.6,97,165,60,65,50,58
410,Shieldon,"['Rock', 'Steel']",57.0,0.5,30,42,118,42,88,30
411,Bastiodon,"['Rock', 'Steel']",149.5,1.3,60,52,168,47,138,30
412,Burmy,['Bug'],3.4,0.2,40,29,45,29,45,36
413,Wormadam,"['Bug', 'Grass']",6.5,0.5,60,59,85,79,105,36
414,Mothim,"['Bug', 'Flying']",23.3,0.9,70,94,50,94,50,66
415,Combee,"['Bug', 'Flying']",5.5,0.3,30,30,42,30,42,70
416,Vespiquen,"['Bug', 'Flying']",38.5,1.2,70,80,102,80,102,40
417,Pachirisu,['Electric'],3.9,0.4,60,45,70,45,90,95
418,Buizel,['Water'],29.5,0.7,55,65,35,60,30,85
419,Floatzel,['Water'],33.5,1.1,85,105,55,85,50,115
420,Cherubi,['Grass'],3.3,0.4,45,35,45,62,53,35
421,Cherrim,['Grass'],9.3,0.5,70,60,70,87,78,85
422,Shellos,['Water'],6.3,0.3,76,48,48,57,62,34
423,Gastrodon,"['Water', 'Ground']",29.9,0.9,111,83,68,92,82,39
424,Ambipom,['Normal'],20.3,1.2,75,100,66,60,66,115
425,Drifloon,"['Ghost', 'Flying']",1.2,0.4,90,50,34,60,44,70
426,Drifblim,"['Ghost', 'Flying']",15.0,1.2,150,80,44,90,54,80
427,Buneary,['Normal'],5.5,0.4,55,66,44,44,56,85
428,Lopunny,['Normal'],33.3,1.2,65,76,84,54,96,105
429,Mismagius,['Ghost'],4.4,0.9,60,60,60,105,105,105
430,Honchkrow,"['Dark', 'Flying']",27.3,0.9,100,125,52,105,52,71
431,Glameow,['Normal'],3.9,0.5,49,55,42,42,37,85
432,Purugly,['Normal'],43.8,1.0,71,82,64,64,59,112
433,Chingling,['Psychic'],0.6,0.2,45,30,50,65,50,45
434,Stunky,"['Poison', 'Dark']",19.2,0.4,63,63,47,41,41,74
435,Skuntank,"['Poison', 'Dark']",38.0,1.0,103,93,67,71,61,84
436,Bronzor,"['Steel', 'Psychic']",['60.5'],['0.5'],57,24,86,24,86,23
437,Bronzong,"['Steel', 'Psychic']",['187.0'],['1.3'],67,89,116,79,116,33
438,Bonsly,['Rock'],15.0,0.5,50,80,95,10,45,10
439,Mime Jr.,"['Psychic', 'Fairy']",13.0,0.6,20,25,45,70,90,60
440,Happiny,['Normal'],24.4,0.6,100,5,5,15,65,30
441,Chatot,"['Normal', 'Flying']",1.9,0.5,76,65,45,92,42,91
442,Spiritomb,"['Ghost', 'Dark']",108.0,1.0,50,92,108,92,108,35
443,Gible,"['Dragon', 'Ground']",20.5,0.7,58,70,45,40,45,42
444,Gabite,"['Dragon', 'Ground']",56.0,1.4,68,90,65,50,55,82
445,Garchomp,"['Dragon', 'Ground']",95.0,1.9,108,130,95,80,85,102
446,Munchlax,['Normal'],105.0,0.6,135,85,40,40,85,5
447,Riolu,['Fighting'],20.2,0.7,40,70,40,35,40,60
448,Lucario,"['Fighting', 'Steel']",54.0,1.2,70,110,70,115,70,90
449,Hippopotas,['Ground'],49.5,0.8,68,72,78,38,42,32
450,Hippowdon,['Ground'],300.0,2.0,108,112,118,68,72,47
451,Skorupi,"['Poison', 'Bug']",12.0,0.8,40,50,90,30,55,65
452,Drapion,"['Poison', 'Dark']",61.5,1.3,70,90,110,60,75,95
453,Croagunk,"['Poison', 'Fighting']",23.0,0.7,48,61,40,61,40,50
454,Toxicroak,"['Poison', 'Fighting']",44.4,1.3,83,106,65,86,65,85
455,Carnivine,['Grass'],27.0,1.4,74,100,72,90,72,46
456,Finneon,['Water'],7.0,0.4,49,49,56,49,61,66
457,Lumineon,['Water'],24.0,1.2,69,69,76,69,86,91
458,Mantyke,"['Water', 'Flying']",65.0,1.0,45,20,50,60,120,50
459,Snover,"['Grass', 'Ice']",50.5,1.0,60,62,50,62,60,40
460,Abomasnow,"['Grass', 'Ice']",135.5,2.2,90,92,75,92,85,60
461,Weavile,"['Dark', 'Ice']",34.0,1.1,70,120,65,45,85,125
462,Magnezone,"['Electric', 'Steel']",['180.0'],['1.2'],70,70,115,130,90,60
463,Lickilicky,['Normal'],140.0,1.7,110,85,95,80,95,50
464,Rhyperior,"['Ground', 'Rock']",282.8,2.4,115,140,130,55,55,40
465,Tangrowth,['Grass'],128.6,2.0,100,100,125,110,50,50
466,Electivire,['Electric'],138.6,1.8,75,123,67,95,85,95
467,Magmortar,['Fire'],68.0,1.6,75,95,67,125,95,83
468,Togekiss,"['Fairy', 'Flying']",38.0,1.5,85,50,95,120,115,80
469,Yanmega,"['Bug', 'Flying']",51.5,1.9,86,76,86,116,56,95
470,Leafeon,['Grass'],25.5,1.0,65,110,130,60,65,95
471,Glaceon,['Ice'],25.9,0.8,65,60,110,130,95,65
472,Gliscor,"['Ground', 'Flying']",42.5,2.0,75,95,125,45,75,95
473,Mamoswine,"['Ice', 'Ground']",291.0,2.5,110,130,80,70,60,80
474,Porygon-Z,['Normal'],['34.0'],['0.9'],85,80,70,135,75,90
475,Gallade,"['Psychic', 'Fighting']",52.0,1.6,68,125,65,65,115,80
476,Probopass,"['Rock', 'Steel']",340.0,1.4,60,55,145,75,150,40
477,Dusknoir,['Ghost'],106.6,2.2,45,100,135,65,135,45
478,Froslass,"['Ice', 'Ghost']",26.6,1.3,70,80,70,80,70,110
479,Rotom,"['Electric', 'Ghost']",['0.3'],['0.3'],50,50,77,95,77,91
480,Uxie,['Psychic'],['0.3'],['0.3'],75,75,130,75,130,95
481,Mesprit,['Psychic'],['0.3'],['0.3'],80,105,105,105,105,80
482,Azelf,['Psychic'],['0.3'],['0.3'],75,125,70,125,70,115
483,Dialga,"['Steel', 'Dragon']",['683.0'],['5.4'],100,120,120,150,100,90
484,Palkia,"['Water', 'Dragon']",['336.0'],['4.2'],90,120,100,150,120,100
485,Heatran,"['Fire', 'Steel']",430.0,1.7,91,90,106,130,106,77
486,Regigigas,['Normal'],['420.0'],['3.7'],110,160,110,80,110,100
487,Giratina,"['Ghost', 'Dragon']","['750.0', '650.0']","['4.5', '6.9']",150,100,120,100,120,90
488,Cresselia,['Psychic'],85.6,1.5,120,70,120,75,130,85
489,Phione,['Water'],['3.1'],['0.4'],80,80,80,80,80,80
490,Manaphy,['Water'],['1.4'],['0.3'],100,100,100,100,100,100
491,Darkrai,['Dark'],['50.5'],['1.5'],70,90,90,135,90,125
492,Shaymin,['Grass'],"['2.1', '5.2']","['0.2', '0.4']",100,100,100,100,100,100
493,Arceus,['Normal'],['320.0'],['3.2'],120,120,120,120,120,120
494,Victini,"['Psychic', 'Fire']",['4.0'],['0.4'],100,100,100,100,100,100
495,Snivy,['Grass'],8.1,0.6,45,45,55,45,55,63
496,Servine,['Grass'],16.0,0.8,60,60,75,60,75,83
497,Serperior,['Grass'],63.0,3.3,75,75,95,75,95,113
498,Tepig,['Fire'],9.9,0.5,65,63,45,45,45,45
499,Pignite,"['Fire', 'Fighting']",55.5,1.0,90,93,55,70,55,55
500,Emboar,"['Fire', 'Fighting']",150.0,1.6,110,123,65,100,65,65
501,Oshawott,['Water'],5.9,0.5,55,55,45,63,45,45
502,Dewott,['Water'],24.5,0.8,75,75,60,83,60,60
503,Samurott,['Water'],94.6,1.5,95,100,85,108,70,70
504,Patrat,['Normal'],11.6,0.5,45,55,39,35,39,42
505,Watchog,['Normal'],27.0,1.1,60,85,69,60,69,77
506,Lillipup,['Normal'],4.1,0.4,45,60,45,25,45,55
507,Herdier,['Normal'],14.7,0.9,65,80,65,35,65,60
508,Stoutland,['Normal'],61.0,1.2,85,100,90,45,90,80
509,Purrloin,['Dark'],10.1,0.4,41,50,37,50,37,66
510,Liepard,['Dark'],37.5,1.1,64,88,50,88,50,106
511,Pansage,['Grass'],10.5,0.6,50,53,48,53,48,64
512,Simisage,['Grass'],30.5,1.1,75,98,63,98,63,101
513,Pansear,['Fire'],11.0,0.6,50,53,48,53,48,64
514,Simisear,['Fire'],28.0,1.0,75,98,63,98,63,101
515,Panpour,['Water'],13.5,0.6,50,53,48,53,48,64
516,Simipour,['Water'],29.0,1.0,75,98,63,98,63,101
517,Munna,['Psychic'],23.3,0.6,76,25,45,67,55,24
518,Musharna,['Psychic'],60.5,1.1,116,55,85,107,95,29
519,Pidove,"['Normal', 'Flying']",2.1,0.3,50,55,50,36,30,43
520,Tranquill,"['Normal', 'Flying']",15.0,0.6,62,77,62,50,42,65
521,Unfezant,"['Normal', 'Flying']",29.0,1.2,80,105,80,65,55,93
522,Blitzle,['Electric'],29.8,0.8,45,60,32,50,32,76
523,Zebstrika,['Electric'],79.5,1.6,75,100,63,80,63,116
524,Roggenrola,['Rock'],18.0,0.4,55,75,85,25,25,15
525,Boldore,['Rock'],102.0,0.9,70,105,105,50,40,20
526,Gigalith,['Rock'],260.0,1.7,85,135,130,60,70,25
527,Woobat,"['Psychic', 'Flying']",2.1,0.4,55,45,43,55,43,72
528,Swoobat,"['Psychic', 'Flying']",10.5,0.9,67,57,55,77,55,114
529,Drilbur,['Ground'],8.5,0.3,60,85,40,30,45,68
530,Excadrill,"['Ground', 'Steel']",40.4,0.7,110,135,60,50,65,88
531,Audino,['Normal'],31.0,1.1,103,60,86,60,86,50
532,Timburr,['Fighting'],12.5,0.6,75,80,55,25,35,35
533,Gurdurr,['Fighting'],40.0,1.2,85,105,85,40,50,40
534,Conkeldurr,['Fighting'],87.0,1.4,105,140,95,55,65,45
535,Tympole,['Water'],4.5,0.5,50,50,40,50,40,64
536,Palpitoad,"['Water', 'Ground']",17.0,0.8,75,65,55,65,55,69
537,Seismitoad,"['Water', 'Ground']",62.0,1.5,105,85,75,85,75,74
538,Throh,['Fighting'],55.5,1.3,120,100,85,30,85,45
539,Sawk,['Fighting'],51.0,1.4,75,125,75,30,75,85
540,Sewaddle,"['Bug', 'Grass']",2.5,0.3,45,53,70,40,60,42
541,Swadloon,"['Bug', 'Grass']",7.3,0.5,55,63,90,50,80,42
542,Leavanny,"['Bug', 'Grass']",20.5,1.2,75,103,80,70,70,92
543,Venipede,"['Bug', 'Poison']",5.3,0.4,30,45,59,30,39,57
544,Whirlipede,"['Bug', 'Poison']",58.5,1.2,40,55,99,40,79,47
545,Scolipede,"['Bug', 'Poison']",200.5,2.5,60,90,89,55,69,112
546,Cottonee,"['Grass', 'Fairy']",0.6,0.3,40,27,60,37,50,66
547,Whimsicott,"['Grass', 'Fairy']",6.6,0.7,60,67,85,77,75,116
548,Petilil,['Grass'],6.6,0.5,45,35,50,70,50,30
549,Lilligant,['Grass'],16.3,1.1,70,60,75,110,75,90
550,Basculin,['Water'],18.0,1.0,70,92,65,80,55,98
551,Sandile,"['Ground', 'Dark']",15.2,0.7,50,72,35,35,35,65
552,Krokorok,"['Ground', 'Dark']",33.4,1.0,60,82,45,45,45,74
553,Krookodile,"['Ground', 'Dark']",96.3,1.5,95,117,70,65,70,92
554,Darumaka,['Fire'],37.5,0.6,70,90,45,15,45,50
555,Darmanitan,['Fire'],92.9,1.3,105,140,55,30,55,95
556,Maractus,['Grass'],28.0,1.0,75,86,67,106,67,60
557,Dwebble,"['Bug', 'Rock']",14.5,0.3,50,65,85,35,35,55
558,Crustle,"['Bug', 'Rock']",200.0,1.4,70,95,125,65,75,45
559,Scraggy,"['Dark', 'Fighting']",11.8,0.6,50,75,70,35,70,48
560,Scrafty,"['Dark', 'Fighting']",30.0,1.1,65,90,115,45,115,58
561,Sigilyph,"['Psychic', 'Flying']",14.0,1.4,72,58,80,103,80,97
562,Yamask,['Ghost'],1.5,0.5,38,30,85,55,65,30
563,Cofagrigus,['Ghost'],76.5,1.7,58,50,145,95,105,30
564,Tirtouga,"['Water', 'Rock']",16.5,0.7,54,78,103,53,45,22
565,Carracosta,"['Water', 'Rock']",81.0,1.2,74,108,133,83,65,32
566,Archen,"['Rock', 'Flying']",9.5,0.5,55,112,45,74,45,70
567,Archeops,"['Rock', 'Flying']",32.0,1.4,75,140,65,112,65,110
568,Trubbish,['Poison'],31.0,0.6,50,50,62,40,62,65
569,Garbodor,['Poison'],107.3,1.9,80,95,82,60,82,75
570,Zorua,['Dark'],12.5,0.7,40,65,40,80,40,65
571,Zoroark,['Dark'],81.1,1.6,60,105,60,120,60,105
572,Minccino,['Normal'],5.8,0.4,55,50,40,40,40,75
573,Cinccino,['Normal'],7.5,0.5,75,95,60,65,60,115
574,Gothita,['Psychic'],5.8,0.4,45,30,50,55,65,45
575,Gothorita,['Psychic'],18.0,0.7,60,45,70,75,85,55
576,Gothitelle,['Psychic'],44.0,1.5,70,55,95,95,110,65
577,Solosis,['Psychic'],1.0,0.3,45,30,40,105,50,20
578,Duosion,['Psychic'],8.0,0.6,65,40,50,125,60,30
579,Reuniclus,['Psychic'],20.1,1.0,110,65,75,125,85,30
580,Ducklett,"['Water', 'Flying']",5.5,0.5,62,44,50,44,50,55
581,Swanna,"['Water', 'Flying']",24.2,1.3,75,87,63,87,63,98
582,Vanillite,['Ice'],5.7,0.4,36,50,50,65,60,44
583,Vanillish,['Ice'],41.0,1.1,51,65,65,80,75,59
584,Vanilluxe,['Ice'],57.5,1.3,71,95,85,110,95,79
585,Deerling,"['Normal', 'Grass']",19.5,0.6,60,60,50,40,50,75
586,Sawsbuck,"['Normal', 'Grass']",92.5,1.9,80,100,70,60,70,95
587,Emolga,"['Electric', 'Flying']",5.0,0.4,55,75,60,75,60,103
588,Karrablast,['Bug'],5.9,0.5,50,75,45,40,45,60
589,Escavalier,"['Bug', 'Steel']",33.0,1.0,70,135,105,60,105,20
590,Foongus,"['Grass', 'Poison']",1.0,0.2,69,55,45,55,55,15
591,Amoonguss,"['Grass', 'Poison']",10.5,0.6,114,85,70,85,80,30
592,Frillish,"['Water', 'Ghost']",33.0,1.2,55,40,50,65,85,40
593,Jellicent,"['Water', 'Ghost']",135.0,2.2,100,60,70,85,105,60
594,Alomomola,['Water'],31.6,1.2,165,75,80,40,45,65
595,Joltik,"['Bug', 'Electric']",0.6,0.1,50,47,50,57,50,65
596,Galvantula,"['Bug', 'Electric']",14.3,0.8,70,77,60,97,60,108
597,Ferroseed,"['Grass', 'Steel']",18.8,0.6,44,50,91,24,86,10
598,Ferrothorn,"['Grass', 'Steel']",110.0,1.0,74,94,131,54,116,20
599,Klink,['Steel'],['21.0'],['0.3'],40,55,70,45,60,30
600,Klang,['Steel'],['51.0'],['0.6'],60,80,95,70,85,50
601,Klinklang,['Steel'],['81.0'],['0.6'],60,100,115,70,85,90
602,Tynamo,['Electric'],0.3,0.2,35,55,40,45,40,60
603,Eelektrik,['Electric'],22.0,1.2,65,85,70,75,70,40
604,Eelektross,['Electric'],80.5,2.1,85,115,80,105,80,50
605,Elgyem,['Psychic'],9.0,0.5,55,55,55,85,55,30
606,Beheeyem,['Psychic'],34.5,1.0,75,75,75,125,95,40
607,Litwick,"['Ghost', 'Fire']",3.1,0.3,50,30,55,65,55,20
608,Lampent,"['Ghost', 'Fire']",13.0,0.6,60,40,60,95,60,55
609,Chandelure,"['Ghost', 'Fire']",34.3,1.0,60,55,90,145,90,80
610,Axew,['Dragon'],18.0,0.6,46,87,60,30,40,57
611,Fraxure,['Dragon'],36.0,1.0,66,117,70,40,50,67
612,Haxorus,['Dragon'],105.5,1.8,76,147,90,60,70,97
613,Cubchoo,['Ice'],8.5,0.5,55,70,40,60,40,40
614,Beartic,['Ice'],260.0,2.6,95,110,80,70,80,50
615,Cryogonal,['Ice'],['148.0'],['1.1'],70,50,30,95,135,105
616,Shelmet,['Bug'],7.7,0.4,50,40,85,40,65,25
617,Accelgor,['Bug'],25.3,0.8,80,70,40,100,60,145
618,Stunfisk,"['Ground', 'Electric']",11.0,0.7,109,66,84,81,99,32
619,Mienfoo,['Fighting'],20.0,0.9,45,85,50,55,50,65
620,Mienshao,['Fighting'],35.5,1.4,65,125,60,95,60,105
621,Druddigon,['Dragon'],139.0,1.6,77,120,90,60,90,48
622,Golett,"['Ground', 'Ghost']",['92.0'],['1.0'],59,74,50,35,50,35
623,Golurk,"['Ground', 'Ghost']",['330.0'],['2.8'],89,124,80,55,80,55
624,Pawniard,"['Dark', 'Steel']",10.2,0.5,45,85,70,40,40,60
625,Bisharp,"['Dark', 'Steel']",70.0,1.6,65,125,100,60,70,70
626,Bouffalant,['Normal'],94.6,1.6,95,110,95,40,95,55
627,Rufflet,"['Normal', 'Flying']",10.5,0.5,70,83,50,37,50,60
628,Braviary,"['Normal', 'Flying']",41.0,1.5,100,123,75,57,75,80
629,Vullaby,"['Dark', 'Flying']",9.0,0.5,70,55,75,45,65,60
630,Mandibuzz,"['Dark', 'Flying']",39.5,1.2,110,65,105,55,95,80
631,Heatmor,['Fire'],58.0,1.4,85,97,66,105,66,65
632,Durant,"['Bug', 'Steel']",33.0,0.3,58,109,112,48,48,109
633,Deino,"['Dark', 'Dragon']",17.3,0.8,52,65,50,45,50,38
634,Zweilous,"['Dark', 'Dragon']",50.0,1.4,72,85,70,65,70,58
635,Hydreigon,"['Dark', 'Dragon']",160.0,1.8,92,105,90,125,90,98
636,Larvesta,"['Bug', 'Fire']",28.8,1.1,55,85,55,50,55,60
637,Volcarona,"['Bug', 'Fire']",46.0,1.6,85,60,65,135,105,100
638,Cobalion,"['Steel', 'Fighting']",['250.0'],['2.1'],91,90,129,90,72,108
639,Terrakion,"['Rock', 'Fighting']",['260.0'],['1.9'],91,129,90,72,90,108
640,Virizion,"['Grass', 'Fighting']",['200.0'],['2.0'],91,90,72,90,129,108
641,Tornadus,['Flying'],63.0,1.5,79,115,70,125,80,111
642,Thundurus,"['Electric', 'Flying']",61.0,1.5,79,115,70,125,80,111
643,Reshiram,"['Dragon', 'Fire']",['330.0'],['3.2'],100,120,100,150,120,90
644,Zekrom,"['Dragon', 'Electric']",['345.0'],['2.9'],100,150,120,120,100,90
645,Landorus,"['Ground', 'Flying']",68.0,1.5,89,125,90,115,80,101
646,Kyurem,"['Dragon', 'Ice']","['325.0', '325.0', '325.0']","['3.0', '3.6', '3.3']",125,130,90,130,90,95
647,Keldeo,"['Water', 'Fighting']",['48.5'],['1.4'],91,72,90,129,90,108
648,Meloetta,"['Normal', 'Psychic']",['6.5'],['0.6'],100,77,77,128,128,90
649,Genesect,"['Bug', 'Steel']",['82.5'],['1.5'],71,120,95,120,95,99
650,Chespin,['Grass'],9.0,0.4,56,61,65,48,45,38
651,Quilladin,['Grass'],29.0,0.7,61,78,95,56,58,57
652,Chesnaught,"['Grass', 'Fighting']",90.0,1.6,88,107,122,74,75,64
653,Fennekin,['Fire'],9.4,0.4,40,45,40,62,60,60
654,Braixen,['Fire'],14.5,1.0,59,59,58,90,70,73
655,Delphox,"['Fire', 'Psychic']",39.0,1.5,75,69,72,114,100,104
656,Froakie,['Water'],7.0,0.3,41,56,40,62,44,71
657,Frogadier,['Water'],10.9,0.6,54,63,52,83,56,97
658,Greninja,"['Water', 'Dark']",40.0,1.5,72,95,67,103,71,122
659,Bunnelby,['Normal'],5.0,0.4,38,36,38,32,36,57
660,Diggersby,"['Normal', 'Ground']",42.4,1.0,85,56,77,50,77,78
661,Fletchling,"['Normal', 'Flying']",1.7,0.3,45,50,43,40,38,62
662,Fletchinder,"['Fire', 'Flying']",16.0,0.7,62,73,55,56,52,84
663,Talonflame,"['Fire', 'Flying']",24.5,1.2,78,81,71,74,69,126
664,Scatterbug,['Bug'],2.5,0.3,38,35,40,27,25,35
665,Spewpa,['Bug'],8.4,0.3,45,22,60,27,30,29
666,Vivillon,"['Bug', 'Flying']",17.0,1.2,80,52,50,90,50,89
667,Litleo,"['Fire', 'Normal']",13.5,0.6,62,50,58,73,54,72
668,Pyroar,"['Fire', 'Normal']",81.5,1.5,86,68,72,109,66,106
669,Flabébé,['Fairy'],0.1,0.1,44,38,39,61,79,42
670,Floette,['Fairy'],0.9,0.2,54,45,47,75,98,52
671,Florges,['Fairy'],10.0,1.1,78,65,68,112,154,75
672,Skiddo,['Grass'],31.0,0.9,66,65,48,62,57,52
673,Gogoat,['Grass'],91.0,1.7,123,100,62,97,81,68
674,Pancham,['Fighting'],8.0,0.6,67,82,62,46,48,43
675,Pangoro,"['Fighting', 'Dark']",136.0,2.1,95,124,78,69,71,58
676,Furfrou,['Normal'],28.0,1.2,75,80,60,65,90,102
677,Espurr,['Psychic'],3.5,0.3,62,48,54,63,60,68
678,Meowstic,['Psychic'],8.5,0.6,74,48,76,83,81,104
679,Honedge,"['Steel', 'Ghost']",2.0,0.8,45,80,100,35,37,28
680,Doublade,"['Steel', 'Ghost']",4.5,0.8,59,110,150,45,49,35
681,Aegislash,"['Steel', 'Ghost']",53.0,1.7,60,50,150,50,150,60
682,Spritzee,['Fairy'],0.5,0.2,78,52,60,63,65,23
683,Aromatisse,['Fairy'],15.5,0.8,101,72,72,99,89,29
684,Swirlix,['Fairy'],3.5,0.4,62,48,66,59,57,49
685,Slurpuff,['Fairy'],5.0,0.8,82,80,86,85,75,72
686,Inkay,"['Dark', 'Psychic']",3.5,0.4,53,54,53,37,46,45
687,Malamar,"['Dark', 'Psychic']",47.0,1.5,86,92,88,68,75,73
688,Binacle,"['Rock', 'Water']",31.0,0.5,42,52,67,39,56,50
689,Barbaracle,"['Rock', 'Water']",96.0,1.3,72,105,115,54,86,68
690,Skrelp,"['Poison', 'Water']",7.3,0.5,50,60,60,60,60,30
691,Dragalge,"['Poison', 'Dragon']",81.5,1.8,65,75,90,97,123,44
692,Clauncher,['Water'],8.3,0.5,50,53,62,58,63,44
693,Clawitzer,['Water'],35.3,1.3,71,73,88,120,89,59
694,Helioptile,"['Electric', 'Normal']",6.0,0.5,44,38,33,61,43,70
695,Heliolisk,"['Electric', 'Normal']",21.0,1.0,62,55,52,109,94,109
696,Tyrunt,"['Rock', 'Dragon']",26.0,0.8,58,89,77,45,45,48
697,Tyrantrum,"['Rock', 'Dragon']",270.0,2.5,82,121,119,69,59,71
698,Amaura,"['Rock', 'Ice']",25.2,1.3,77,59,50,67,63,46
699,Aurorus,"['Rock', 'Ice']",225.0,2.7,123,77,72,99,92,58
700,Sylveon,['Fairy'],23.5,1.0,95,65,65,110,130,60
701,Hawlucha,"['Fighting', 'Flying']",21.5,0.8,78,92,75,74,63,118
702,Dedenne,"['Electric', 'Fairy']",2.2,0.2,67,58,57,81,67,101
703,Carbink,"['Rock', 'Fairy']",['5.7'],['0.3'],50,50,150,50,150,50
704,Goomy,['Dragon'],2.8,0.3,45,50,35,55,75,40
705,Sliggoo,['Dragon'],17.5,0.8,68,75,53,83,113,60
706,Goodra,['Dragon'],150.5,2.0,90,100,70,110,150,80
707,Klefki,"['Steel', 'Fairy']",3.0,0.2,57,80,91,80,87,75
708,Phantump,"['Ghost', 'Grass']",7.0,0.4,43,70,48,50,60,38
709,Trevenant,"['Ghost', 'Grass']",71.0,1.5,85,110,76,65,82,56
710,Pumpkaboo,"['Ghost', 'Grass']",3.5,0.3,44,66,70,44,55,56
711,Gourgeist,"['Ghost', 'Grass']",9.5,0.7,55,85,122,58,75,99
712,Bergmite,['Ice'],99.5,1.0,55,69,85,32,35,28
713,Avalugg,['Ice'],505.0,2.0,95,117,184,44,46,28
714,Noibat,"['Flying', 'Dragon']",8.0,0.5,40,30,35,45,40,55
715,Noivern,"['Flying', 'Dragon']",85.0,1.5,85,70,80,97,80,123
716,Xerneas,['Fairy'],['215.0'],['3.0'],126,131,95,131,98,99
717,Yveltal,,,,,,,,,
718,Zygarde,"['Dragon', 'Ground']","['305.0', '33.5', '610.0']","['5.0', '1.2', '4.5']",108,100,121,81,95,95
719,Diancie,"['Rock', 'Fairy']","['8.8', '27.8']","['0.7', '1.1']",50,100,150,100,150,50
720,Hoopa,"['Psychic', 'Ghost']","['9.0', '490.0']","['0.5', '6.5']",80,110,60,150,130,70
721,Volcanion,"['Fire', 'Water']",['195.0'],['1.7'],80,110,120,130,90,70
722,Rowlet,"['Grass', 'Flying']",1.5,0.3,68,55,55,50,50,42
723,Dartrix,"['Grass', 'Flying']",16.0,0.7,78,75,75,70,70,52
724,Decidueye,"['Grass', 'Ghost']",36.6,1.6,78,107,75,100,100,70
725,Litten,['Fire'],4.3,0.4,45,65,40,60,40,70
726,Torracat,['Fire'],25.0,0.7,65,85,50,80,50,90
727,Incineroar,"['Fire', 'Dark']",83.0,1.8,95,115,90,80,90,60
728,Popplio,['Water'],7.5,0.4,50,54,54,66,56,40
729,Brionne,['Water'],17.5,0.6,60,69,69,91,81,50
730,Primarina,"['Water', 'Fairy']",44.0,1.8,80,74,74,126,116,60
731,Pikipek,"['Normal', 'Flying']",1.2,0.3,35,75,30,30,30,65
732,Trumbeak,"['Normal', 'Flying']",14.8,0.6,55,85,50,40,50,75
733,Toucannon,"['Normal', 'Flying']",26.0,1.1,80,120,75,75,75,60
734,Yungoos,['Normal'],6.0,0.4,48,70,30,30,30,45
735,Gumshoos,['Normal'],14.2,0.7,88,110,60,55,60,45
736,Grubbin,['Bug'],4.4,0.4,47,62,45,55,45,46
737,Charjabug,"['Bug', 'Electric']",10.5,0.5,57,82,95,55,75,36
738,Vikavolt,"['Bug', 'Electric']",45.0,1.5,77,70,90,145,75,43
739,Crabrawler,['Fighting'],7.0,0.6,47,82,57,42,47,63
740,Crabominable,"['Fighting', 'Ice']",180.0,1.7,97,132,77,62,67,43
741,Oricorio,"['Fire', 'Flying']",3.4,0.6,75,70,70,98,70,93
742,Cutiefly,"['Bug', 'Fairy']",0.2,0.1,40,45,40,55,40,84
743,Ribombee,"['Bug', 'Fairy']",0.5,0.2,60,55,60,95,70,124
744,Rockruff,['Rock'],9.2,0.5,45,65,40,30,40,60
745,Lycanroc,['Rock'],25.0,0.8,75,115,65,55,65,112
746,Wishiwashi,['Water'],0.3,0.2,45,20,20,25,25,40
747,Mareanie,"['Poison', 'Water']",8.0,0.4,50,53,62,43,52,45
748,Toxapex,"['Poison', 'Water']",14.5,0.7,50,63,152,53,142,35
749,Mudbray,['Ground'],110.0,1.0,70,100,70,45,55,45
750,Mudsdale,['Ground'],920.0,2.5,100,125,100,55,85,35
751,Dewpider,"['Water', 'Bug']",4.0,0.3,38,40,52,40,72,27
752,Araquanid,"['Water', 'Bug']",82.0,1.8,68,70,92,50,132,42
753,Fomantis,['Grass'],1.5,0.3,40,55,35,50,35,35
754,Lurantis,['Grass'],18.5,0.9,70,105,90,80,90,45
755,Morelull,"['Grass', 'Fairy']",1.5,0.2,40,35,55,65,75,15
756,Shiinotic,"['Grass', 'Fairy']",11.5,1.0,60,45,80,90,100,30
757,Salandit,"['Poison', 'Fire']",4.8,0.6,48,44,40,71,40,77
758,Salazzle,"['Poison', 'Fire']",22.2,1.2,68,64,60,111,60,117
759,Stufful,"['Normal', 'Fighting']",6.8,0.5,70,75,50,45,50,50
760,Bewear,"['Normal', 'Fighting']",135.0,2.1,120,125,80,55,60,60
761,Bounsweet,['Grass'],3.2,0.3,42,30,38,30,38,32
762,Steenee,['Grass'],8.2,0.7,52,40,48,40,48,62
763,Tsareena,['Grass'],21.4,1.2,72,120,98,50,98,72
764,Comfey,['Fairy'],0.3,0.1,51,52,90,82,110,100
765,Oranguru,"['Normal', 'Psychic']",76.0,1.5,90,60,80,90,110,60
766,Passimian,['Fighting'],82.8,2.0,100,120,90,40,60,80
767,Wimpod,"['Bug', 'Water']",12.0,0.5,25,35,40,20,30,80
768,Golisopod,"['Bug', 'Water']",108.0,2.0,75,125,140,60,90,40
769,Sandygast,"['Ghost', 'Ground']",70.0,0.5,55,55,80,70,45,15
770,Palossand,"['Ghost', 'Ground']",250.0,1.3,85,75,110,100,75,35
771,Pyukumuku,['Water'],1.2,0.3,55,60,130,30,130,5
772,Type: Null,['Normal'],['120.5'],['1.9'],95,95,95,95,95,59
773,Silvally,['Normal'],['100.5'],['2.3'],95,95,95,95,95,95
774,Minior,"['Rock', 'Flying']","['40.0', '0.3']","['0.3', '0.3']",60,60,100,60,100,60
775,Komala,['Normal'],19.9,0.4,65,115,65,75,95,65
776,Turtonator,"['Fire', 'Dragon']",212.0,2.0,60,78,135,91,85,36
777,Togedemaru,"['Electric', 'Steel']",3.3,0.3,65,98,63,40,73,96
778,Mimikyu,"['Ghost', 'Fairy']",0.7,0.2,55,90,80,50,105,96
779,Bruxish,"['Water', 'Psychic']",19.0,0.9,68,105,70,70,70,92
780,Drampa,"['Normal', 'Dragon']",185.0,3.0,78,60,85,135,91,36
781,Dhelmise,"['Ghost', 'Grass']",['210.0'],['3.9'],70,131,100,86,90,40
782,Jangmo-o,['Dragon'],29.7,0.6,45,55,65,45,45,45
783,Hakamo-o,"['Dragon', 'Fighting']",47.0,1.2,55,75,90,65,70,65
784,Kommo-o,"['Dragon', 'Fighting']",78.2,1.6,75,110,125,100,105,85
785,Tapu Koko,"['Electric', 'Fairy']",['20.5'],['1.8'],70,115,85,95,75,130
786,Tapu Lele,"['Psychic', 'Fairy']",['18.6'],['1.2'],70,85,75,130,115,95
787,Tapu Bulu,"['Grass', 'Fairy']",['45.5'],['1.9'],70,130,115,85,95,75
788,Tapu Fini,"['Water', 'Fairy']",['21.2'],['1.3'],70,75,115,95,130,85
789,Cosmog,['Psychic'],['0.1'],['0.2'],43,29,31,29,31,37
790,Cosmoem,['Psychic'],['999.9'],['0.1'],43,29,131,29,131,37
791,Solgaleo,"['Psychic', 'Steel']",['230.0'],['3.4'],137,137,107,113,89,97
792,Lunala,"['Psychic', 'Ghost']",['120.0'],['4.0'],137,113,89,137,107,97
793,Nihilego,"['Rock', 'Poison']",['55.5'],['1.2'],109,53,47,127,131,103
794,Buzzwole,"['Bug', 'Fighting']",['333.6'],['2.4'],107,139,139,53,53,79
795,Pheromosa,"['Bug', 'Fighting']",['25.0'],['1.8'],71,137,37,137,37,151
796,Xurkitree,['Electric'],['100.0'],['3.8'],83,89,71,173,71,83
797,Celesteela,"['Steel', 'Flying']",['999.9'],['9.2'],97,101,103,107,101,61
798,Kartana,"['Grass', 'Steel']",['0.1'],['0.3'],59,181,131,59,31,109
799,Guzzlord,"['Dark', 'Dragon']",['888.0'],['5.5'],223,101,53,97,53,43
800,Necrozma,['Psychic'],"['230.0', '460.0', '350.0', '230.0']","['2.4', '3.8', '4.2', '7.5']",97,107,101,127,89,79
801,Magearna,"['Steel', 'Fairy']",['80.5'],['1.0'],80,95,115,130,115,65
802,Marshadow,"['Fighting', 'Ghost']",['22.2'],['0.7'],90,125,80,90,90,125
803,Poipole,['Poison'],['1.8'],['0.6'],67,73,67,73,67,73
804,Naganadel,"['Poison', 'Dragon']",['150'],['3.6'],73,73,73,127,73,121
805,Stakataka,"['Rock', 'Steel']",['820.0'],['5.5'],61,131,211,53,101,13
806,Blacephalon,"['Fire', 'Ghost']",['13.0'],['1.8'],53,127,53,151,79,107
807,Zeraora,['Electric'],['44.5'],['1.5'],88,112,75,102,80,143
808,Meltan,['Steel'],['8.0'],['0.2'],46,65,65,55,35,34
809,Melmetal,,,,,,,,,
810,Grookey,['Grass'],5.0,0.3,50,65,50,40,40,65
811,Thwackey,['Grass'],14.0,0.7,70,85,70,55,60,80
812,Rillaboom,['Grass'],90.0,2.1,100,125,90,60,70,85
813,Scorbunny,['Fire'],4.5,0.3,50,71,40,40,40,69
814,Raboot,['Fire'],9.0,0.6,65,86,60,55,60,94
815,Cinderace,['Fire'],33.0,1.4,80,116,75,65,75,119
816,Sobble,['Water'],4.0,0.3,50,40,40,70,40,70
817,Drizzile,['Water'],11.5,0.7,65,60,55,95,55,90
818,Inteleon,['Water'],45.2,1.9,70,85,65,125,65,120
819,Skwovet,['Normal'],2.5,0.3,70,55,55,35,35,25
820,Greedent,['Normal'],6.0,0.6,120,95,95,55,75,20
821,Rookidee,['Flying'],1.8,0.2,38,47,35,33,35,57
822,Corvisquire,['Flying'],16.0,0.8,68,67,55,43,55,77
823,Corviknight,"['Flying', 'Steel']",75.0,2.2,98,87,105,53,85,67
824,Blipbug,['Bug'],8.0,0.4,25,20,20,25,45,45
825,Dottler,"['Bug', 'Psychic']",19.5,0.4,50,35,80,50,90,30
826,Orbeetle,"['Bug', 'Psychic']",40.8,0.4,60,45,110,80,120,90
827,Nickit,['Dark'],8.9,0.6,40,28,28,47,52,50
828,Thievul,['Dark'],19.9,1.2,70,58,58,87,92,90
829,Gossifleur,['Grass'],2.2,0.4,40,40,60,40,60,10
830,Eldegoss,['Grass'],2.5,0.5,60,50,90,80,120,60
831,Wooloo,['Normal'],6.0,0.6,42,40,55,40,45,48
832,Dubwool,['Normal'],43.0,1.3,72,80,100,60,90,88
833,Chewtle,['Water'],8.5,0.3,50,64,50,38,38,44
834,Drednaw,"['Water', 'Rock']",115.5,1.0,90,115,90,48,68,74
835,Yamper,['Electric'],13.5,0.3,59,45,50,40,50,26
836,Boltund,['Electric'],34.0,1.0,69,90,60,90,60,121
837,Rolycoly,['Rock'],12.0,0.3,30,40,50,40,50,30
838,Carkol,"['Rock', 'Fire']",78.0,1.1,80,60,90,60,70,50
839,Coalossal,"['Rock', 'Fire']",310.5,2.8,110,80,120,80,90,30
840,Applin,"['Grass', 'Dragon']",0.5,0.2,40,40,80,40,40,20
841,Flapple,"['Grass', 'Dragon']",1.0,0.3,70,110,80,95,60,70
842,Appletun,"['Grass', 'Dragon']",13.0,0.4,110,85,80,100,80,30
843,Silicobra,['Ground'],7.6,2.2,52,57,75,35,50,46
844,Sandaconda,['Ground'],65.5,3.8,72,107,125,65,70,71
845,Cramorant,"['Flying', 'Water']",18.0,0.8,70,85,55,85,95,85
846,Arrokuda,['Water'],1.0,0.5,41,63,40,40,30,66
847,Barraskewda,['Water'],30.0,1.3,61,123,60,60,50,136
848,Toxel,"['Electric', 'Poison']",11.0,0.4,40,38,35,54,35,40
849,Toxtricity,"['Electric', 'Poison']",40.0,1.6,75,98,70,114,70,75
850,Sizzlipede,"['Fire', 'Bug']",1.0,0.7,50,65,45,50,50,45
851,Centiskorch,"['Fire', 'Bug']",120.0,3.0,100,115,65,90,90,65
852,Clobbopus,['Fighting'],4.0,0.6,50,68,60,50,50,32
853,Grapploct,['Fighting'],39.0,1.6,80,118,90,70,80,42
854,Sinistea,['Ghost'],['0.2'],['0.1'],40,45,45,74,54,50
855,Polteageist,['Ghost'],['0.4'],['0.2'],60,65,65,134,114,70
856,Hatenna,['Psychic'],3.4,0.4,42,30,45,56,53,39
857,Hattrem,['Psychic'],4.8,0.6,57,40,65,86,73,49
858,Hatterene,"['Psychic', 'Fairy']",5.1,2.1,57,90,95,136,103,29
859,Impidimp,"['Dark', 'Fairy']",5.5,0.4,45,45,30,55,40,50
860,Morgrem,"['Dark', 'Fairy']",12.5,0.8,65,60,45,75,55,70
861,Grimmsnarl,"['Dark', 'Fairy']",61.0,1.5,95,120,65,95,75,60
862,Obstagoon,"['Dark', 'Normal']",46.0,1.6,93,90,101,60,81,95
863,Perrserker,['Steel'],28.0,0.8,70,110,100,50,60,50
864,Cursola,['Ghost'],0.4,1.0,60,95,50,145,130,30
865,Sirfetch'd,['Fighting'],117.0,0.8,62,135,95,68,82,65
866,Mr. Rime,"['Ice', 'Psychic']",58.2,1.5,80,85,75,110,100,70
867,Runerigus,"['Ground', 'Ghost']",66.6,1.6,58,95,145,50,105,30
868,Milcery,['Fairy'],0.3,0.2,45,40,40,50,61,34
869,Alcremie,['Fairy'],0.5,0.3,65,60,75,110,121,64
870,Falinks,['Fighting'],['62.0'],['3.0'],65,100,100,70,60,75
871,Pincurchin,['Electric'],1.0,0.3,48,101,95,91,85,15
872,Snom,"['Ice', 'Bug']",3.8,0.3,30,25,35,45,30,20
873,Frosmoth,"['Ice', 'Bug']",42.0,1.3,70,65,60,125,90,65
874,Stonjourner,['Rock'],520.0,2.5,100,125,135,20,20,70
875,Eiscue,['Ice'],89.0,1.4,75,80,110,65,90,50
876,Indeedee,"['Psychic', 'Normal']",28.0,0.9,60,65,55,105,95,95
877,Morpeko,"['Electric', 'Dark']",3.0,0.3,58,95,58,70,58,97
878,Cufant,['Steel'],100.0,1.2,72,80,49,40,49,40
879,Copperajah,['Steel'],650.0,3.0,122,130,69,80,69,30
880,Dracozolt,"['Electric', 'Dragon']",['190.0'],['1.8'],90,100,90,80,70,75
881,Arctozolt,"['Electric', 'Ice']",['150.0'],['2.3'],90,100,90,90,80,55
882,Dracovish,"['Water', 'Dragon']",['215.0'],['2.3'],90,90,100,70,80,75
883,Arctovish,"['Water', 'Ice']",['175.0'],['2.0'],90,90,100,80,90,55
884,Duraludon,"['Steel', 'Dragon']",40.0,1.8,70,95,115,120,50,85
885,Dreepy,"['Dragon', 'Ghost']",2.0,0.5,28,60,30,40,30,82
886,Drakloak,"['Dragon', 'Ghost']",11.0,1.4,68,80,50,60,50,102
887,Dragapult,"['Dragon', 'Ghost']",50.0,3.0,88,120,75,100,75,142
888,Zacian,['Fairy'],"['110.0', '355.0']",['2.8'],92,130,115,80,115,138
889,Zamazenta,['Fighting'],"['210.0', '785.0']",['2.9'],92,130,115,80,115,138
890,Eternatus,,,,,,,,,
891,Kubfu,['Fighting'],12.0,0.6,60,90,60,53,50,72
892,Urshifu,"['Fighting', 'Dark']",105.0,1.9,100,130,100,63,60,97
893,Zarude,"['Dark', 'Grass']",['70.0'],['1.8'],105,120,105,70,95,105
894,Regieleki,['Electric'],['145.0'],['1.2'],80,100,50,100,50,200
895,Regidrago,['Dragon'],['200.0'],['2.1'],200,100,50,100,50,80
896,Glastrier,['Ice'],['800.0'],['2.2'],100,145,130,65,110,30
897,Spectrier,['Ghost'],['44.5'],['2.0'],100,65,60,145,80,130
898,Calyrex,"['Psychic', 'Grass']","['7.7', '809.1', '53.6']","['1.1', '2.4', '2.4']",100,80,80,80,80,80
899,Basculegion,"['Water', 'Ghost']",['110.0'],['3.0'],,,,,,
900,Wyrdeer,"['Normal', 'Psychic']",['95.1'],['1.8'],,,,,,
901,Kleavor,"['Bug', 'Rock']",['89'],['1.8'],,,,,,
